Car_Name,Year,Selling_Price,Present_Price,Kms_Driven,Fuel_Type,Seller_Type,Transmission,Owner,Car_Age,Kms_per_Year
ritz,2014.0,3.35,5.59,27000,Petrol,Dealer,Manual,0,,
sx4,2013.0,4.75,9.54,43000,Diesel,Dealer,Manual,0,,
ciaz,2017.0,7.25,9.85,6900,Petrol,Dealer,Manual,0,,
wagon r,2011.0,2.85,4.15,5200,Petrol,Dealer,Manual,0,,
swift,2014.0,4.6,6.87,42450,Diesel,Dealer,Manual,0,,
vitara brezza,2018.0,9.25,9.83,2071,Diesel,Dealer,Manual,0,,
ciaz,2015.0,6.75,8.12,18796,Petrol,Dealer,Manual,0,,
s cross,2015.0,6.5,8.61,33429,Diesel,Dealer,Manual,0,,
ciaz,2016.0,8.75,8.89,20273,Diesel,Dealer,Manual,0,,
ciaz,2015.0,7.45,8.92,42367,Diesel,Dealer,Manual,0,,
alto 800,2017.0,2.85,3.6,2135,Petrol,Dealer,Manual,0,,
ciaz,2015.0,6.85,10.38,51000,Diesel,Dealer,Manual,0,,
ciaz,2015.0,7.5,9.94,15000,Petrol,Dealer,Automatic,0,,
ertiga,2015.0,6.1,7.71,26000,Petrol,Dealer,Manual,0,,
dzire,2009.0,2.25,7.21,77427,Petrol,Dealer,Manual,0,,
ertiga,2016.0,7.75,10.79,43000,Diesel,Dealer,Manual,0,,
ertiga,2015.0,7.25,10.79,41678,Diesel,Dealer,Manual,0,,
ertiga,2016.0,7.75,10.79,43000,Diesel,Dealer,Manual,0,,
wagon r,2015.0,3.25,5.09,35500,CNG,Dealer,Manual,0,,
sx4,2010.0,2.65,7.98,41442,Petrol,Dealer,Manual,0,,
alto k10,2016.0,2.85,3.95,25000,Petrol,Dealer,Manual,0,,
ignis,2017.0,4.9,5.71,2400,Petrol,Dealer,Manual,0,,
sx4,2011.0,4.4,8.01,50000,Petrol,Dealer,Automatic,0,,
alto k10,2014.0,2.5,3.46,45280,Petrol,Dealer,Manual,0,,
wagon r,2013.0,2.9,4.41,56879,Petrol,Dealer,Manual,0,,
swift,2011.0,3.0,4.99,20000,Petrol,Dealer,Manual,0,,
swift,2013.0,4.15,5.87,55138,Petrol,Dealer,Manual,0,,
swift,2017.0,6.0,6.49,16200,Petrol,Individual,Manual,0,,
alto k10,2010.0,1.95,3.95,44542,Petrol,Dealer,Manual,0,,
ciaz,2015.0,7.45,10.38,45000,Diesel,Dealer,Manual,0,,
ritz,2012.0,3.1,5.98,51439,Diesel,Dealer,Manual,0,,
ritz,2011.0,2.35,4.89,54200,Petrol,Dealer,Manual,0,,
swift,2014.0,4.95,7.49,39000,Diesel,Dealer,Manual,0,,
ertiga,2014.0,6.0,9.95,45000,Diesel,Dealer,Manual,0,,
dzire,2014.0,5.5,8.06,45000,Diesel,Dealer,Manual,0,,
sx4,2011.0,2.95,7.74,49998,CNG,Dealer,Manual,0,,
dzire,2015.0,4.65,7.2,48767,Petrol,Dealer,Manual,0,,
800,2003.0,0.35,2.28,127000,Petrol,Individual,Manual,0,,
alto k10,2016.0,3.0,3.76,10079,Petrol,Dealer,Manual,0,,
sx4,2003.0,2.25,7.98,62000,Petrol,Dealer,Manual,0,,
baleno,2016.0,5.85,7.87,24524,Petrol,Dealer,Automatic,0,,
alto k10,2014.0,2.55,3.98,46706,Petrol,Dealer,Manual,0,,
sx4,2008.0,1.95,7.15,58000,Petrol,Dealer,Manual,0,,
dzire,2014.0,5.5,8.06,45780,Diesel,Dealer,Manual,0,,
omni,2012.0,1.25,2.69,50000,Petrol,Dealer,Manual,0,,
ciaz,2014.0,7.5,12.04,15000,Petrol,Dealer,Automatic,0,,
ritz,2013.0,2.65,4.89,64532,Petrol,Dealer,Manual,0,,
wagon r,2006.0,1.05,4.15,65000,Petrol,Dealer,Manual,0,,
ertiga,2015.0,5.8,7.71,25870,Petrol,Dealer,Manual,0,,
ciaz,2017.0,7.75,9.29,37000,Petrol,Dealer,Automatic,0,,
fortuner,2012.0,14.9,30.61,104707,Diesel,Dealer,Automatic,0,,
fortuner,2015.0,23.0,30.61,40000,Diesel,Dealer,Automatic,0,,
innova,2017.0,18.0,19.77,15000,Diesel,Dealer,Automatic,0,,
fortuner,2013.0,16.0,30.61,135000,Diesel,Individual,Automatic,0,,
innova,2005.0,2.75,10.21,90000,Petrol,Individual,Manual,0,,
corolla altis,2009.0,3.6,15.04,70000,Petrol,Dealer,Automatic,0,,
etios cross,2015.0,4.5,7.27,40534,Petrol,Dealer,Manual,0,,
corolla altis,2010.0,4.75,18.54,50000,Petrol,Dealer,Manual,0,,
etios g,2014.0,4.1,6.8,39485,Petrol,Dealer,Manual,1,,
fortuner,2014.0,19.99,35.96,41000,Diesel,Dealer,Automatic,0,,
corolla altis,2013.0,6.95,18.61,40001,Petrol,Dealer,Manual,0,,
etios cross,2015.0,4.5,7.7,40588,Petrol,Dealer,Manual,0,,
fortuner,2014.0,18.75,35.96,78000,Diesel,Dealer,Automatic,0,,
fortuner,2015.0,23.5,35.96,47000,Diesel,Dealer,Automatic,0,,
fortuner,2017.0,33.0,36.23,6000,Diesel,Dealer,Automatic,0,,
etios liva,2014.0,4.75,6.95,45000,Diesel,Dealer,Manual,0,,
innova,2017.0,19.75,23.15,11000,Petrol,Dealer,Automatic,0,,
fortuner,2010.0,9.25,20.45,59000,Diesel,Dealer,Manual,0,,
corolla altis,2011.0,4.35,13.74,88000,Petrol,Dealer,Manual,0,,
corolla altis,2016.0,14.25,20.91,12000,Petrol,Dealer,Manual,0,,
etios liva,2014.0,3.95,6.76,71000,Diesel,Dealer,Manual,0,,
corolla altis,2011.0,4.5,12.48,45000,Diesel,Dealer,Manual,0,,
corolla altis,2013.0,7.45,18.61,56001,Petrol,Dealer,Manual,0,,
etios liva,2011.0,2.65,5.71,43000,Petrol,Dealer,Manual,0,,
etios cross,2014.0,4.9,8.93,83000,Diesel,Dealer,Manual,0,,
etios g,2015.0,3.95,6.8,36000,Petrol,Dealer,Manual,0,,
corolla altis,2013.0,5.5,14.68,72000,Petrol,Dealer,Manual,0,,
corolla,2004.0,1.5,12.35,135154,Petrol,Dealer,Automatic,0,,
corolla altis,2010.0,5.25,22.83,80000,Petrol,Dealer,Automatic,0,,
fortuner,2012.0,14.5,30.61,89000,Diesel,Dealer,Automatic,0,,
corolla altis,2016.0,14.73,14.89,23000,Diesel,Dealer,Manual,0,,
etios gd,2015.0,4.75,7.85,40000,Diesel,Dealer,Manual,0,,
innova,2017.0,23.0,25.39,15000,Diesel,Dealer,Automatic,0,,
innova,2015.0,12.5,13.46,38000,Diesel,Dealer,Manual,0,,
innova,2005.0,3.49,13.46,197176,Diesel,Dealer,Manual,0,,
camry,2006.0,2.5,23.73,142000,Petrol,Individual,Automatic,3,,
land cruiser,2010.0,35.0,92.6,78000,Diesel,Dealer,Manual,0,,
corolla altis,2012.0,5.9,13.74,56000,Petrol,Dealer,Manual,0,,
etios liva,2013.0,3.45,6.05,47000,Petrol,Dealer,Manual,0,,
etios g,2014.0,4.75,6.76,40000,Petrol,Dealer,Manual,0,,
corolla altis,2009.0,3.8,18.61,62000,Petrol,Dealer,Manual,0,,
innova,2014.0,11.25,16.09,58242,Diesel,Dealer,Manual,0,,
innova,2005.0,3.51,13.7,75000,Petrol,Dealer,Manual,0,,
fortuner,2015.0,23.0,30.61,40000,Diesel,Dealer,Automatic,0,,
corolla altis,2008.0,4.0,22.78,89000,Petrol,Dealer,Automatic,0,,
corolla altis,2012.0,5.85,18.61,72000,Petrol,Dealer,Manual,0,,
innova,2016.0,20.75,25.39,29000,Diesel,Dealer,Automatic,0,,
corolla altis,2017.0,17.0,18.64,8700,Petrol,Dealer,Manual,0,,
corolla altis,2013.0,7.05,18.61,45000,Petrol,Dealer,Manual,0,,
fortuner,2010.0,9.65,20.45,50024,Diesel,Dealer,Manual,0,,
Royal Enfield Thunder 500,2016.0,1.75,1.9,3000,Petrol,Individual,Manual,0,,
UM Renegade Mojave,2017.0,1.7,1.82,1400,Petrol,Individual,Manual,0,,
KTM RC200,2017.0,1.65,1.78,4000,Petrol,Individual,Manual,0,,
Bajaj Dominar 400,2017.0,1.45,1.6,1200,Petrol,Individual,Manual,0,,
Royal Enfield Classic 350,2017.0,1.35,1.47,4100,Petrol,Individual,Manual,0,,
KTM RC390,2015.0,1.35,2.37,21700,Petrol,Individual,Manual,0,,
Hyosung GT250R,2014.0,1.35,3.45,16500,Petrol,Individual,Manual,1,,
Royal Enfield Thunder 350,2013.0,1.25,1.5,15000,Petrol,Individual,Manual,0,,
Royal Enfield Thunder 350,2016.0,1.2,1.5,18000,Petrol,Individual,Manual,0,,
Royal Enfield Classic 350,2017.0,1.2,1.47,11000,Petrol,Individual,Manual,0,,
KTM RC200,2016.0,1.2,1.78,6000,Petrol,Individual,Manual,0,,
Royal Enfield Thunder 350,2016.0,1.15,1.5,8700,Petrol,Individual,Manual,0,,
KTM 390 Duke ,2014.0,1.15,2.4,7000,Petrol,Individual,Manual,0,,
Mahindra Mojo XT300,2016.0,1.15,1.4,35000,Petrol,Individual,Manual,0,,
Royal Enfield Classic 350,2015.0,1.15,1.47,17000,Petrol,Individual,Manual,0,,
Royal Enfield Classic 350,2015.0,1.11,1.47,17500,Petrol,Individual,Manual,0,,
Royal Enfield Classic 350,2013.0,1.1,1.47,33000,Petrol,Individual,Manual,0,,
Royal Enfield Thunder 500,2015.0,1.1,1.9,14000,Petrol,Individual,Manual,0,,
Royal Enfield Classic 350,2015.0,1.1,1.47,26000,Petrol,Individual,Manual,0,,
Royal Enfield Thunder 500,2013.0,1.05,1.9,5400,Petrol,Individual,Manual,0,,
Bajaj Pulsar RS200,2016.0,1.05,1.26,5700,Petrol,Individual,Manual,0,,
Royal Enfield Thunder 350,2011.0,1.05,1.5,6900,Petrol,Individual,Manual,0,,
Royal Enfield Bullet 350,2016.0,1.05,1.17,6000,Petrol,Individual,Manual,0,,
Royal Enfield Classic 350,2013.0,1.0,1.47,46500,Petrol,Individual,Manual,0,,
Royal Enfield Classic 500,2012.0,0.95,1.75,11500,Petrol,Individual,Manual,0,,
Royal Enfield Classic 500,2009.0,0.9,1.75,40000,Petrol,Individual,Manual,0,,
Bajaj Avenger 220,2017.0,0.9,0.95,1300,Petrol,Individual,Manual,0,,
Bajaj Avenger 150,2016.0,0.75,0.8,7000,Petrol,Individual,Manual,0,,
Honda CB Hornet 160R,2017.0,0.8,0.87,3000,Petrol,Individual,Manual,0,,
Yamaha FZ S V 2.0,2017.0,0.78,0.84,5000,Petrol,Individual,Manual,0,,
Honda CB Hornet 160R,2017.0,0.75,0.87,11000,Petrol,Individual,Manual,0,,
Yamaha FZ 16,2015.0,0.75,0.82,18000,Petrol,Individual,Manual,0,,
Bajaj Avenger 220,2017.0,0.75,0.95,3500,Petrol,Individual,Manual,0,,
Bajaj Avenger 220,2016.0,0.72,0.95,500,Petrol,Individual,Manual,0,,
TVS Apache RTR 160,2017.0,0.65,0.81,11800,Petrol,Individual,Manual,0,,
Bajaj Pulsar 150,2015.0,0.65,0.74,5000,Petrol,Individual,Manual,0,,
Honda CBR 150,2014.0,0.65,1.2,23500,Petrol,Individual,Manual,0,,
Hero Extreme,2013.0,0.65,0.787,16000,Petrol,Individual,Manual,0,,
Honda CB Hornet 160R,2016.0,0.6,0.87,15000,Petrol,Individual,Manual,0,,
Bajaj Avenger 220 dtsi,2015.0,0.6,0.95,16600,Petrol,Individual,Manual,0,,
Honda CBR 150,2013.0,0.6,1.2,32000,Petrol,Individual,Manual,0,,
Bajaj Avenger 150 street,2016.0,0.6,0.8,20000,Petrol,Individual,Manual,0,,
Yamaha FZ  v 2.0,2015.0,0.6,0.84,29000,Petrol,Individual,Manual,0,,
Yamaha FZ  v 2.0,2016.0,0.6,0.84,25000,Petrol,Individual,Manual,0,,
Bajaj Pulsar  NS 200,2014.0,0.6,0.99,25000,Petrol,Individual,Manual,0,,
TVS Apache RTR 160,2012.0,0.6,0.81,19000,Petrol,Individual,Manual,0,,
Hero Extreme,2014.0,0.55,0.787,15000,Petrol,Individual,Manual,0,,
Yamaha FZ S V 2.0,2015.0,0.55,0.84,58000,Petrol,Individual,Manual,0,,
Bajaj Pulsar 220 F,2010.0,0.52,0.94,45000,Petrol,Individual,Manual,0,,
Bajaj Pulsar 220 F,2016.0,0.51,0.94,24000,Petrol,Individual,Manual,0,,
TVS Apache RTR 180,2011.0,0.5,0.826,6000,Petrol,Individual,Manual,0,,
Hero Passion X pro,2016.0,0.5,0.55,31000,Petrol,Individual,Manual,0,,
Bajaj Pulsar NS 200,2012.0,0.5,0.99,13000,Petrol,Individual,Manual,0,,
Bajaj Pulsar NS 200,2013.0,0.5,0.99,45000,Petrol,Individual,Manual,0,,
Yamaha Fazer ,2014.0,0.5,0.88,8000,Petrol,Individual,Manual,0,,
Honda Activa 4G,2017.0,0.48,0.51,4300,Petrol,Individual,Automatic,0,,
TVS Sport ,2017.0,0.48,0.52,15000,Petrol,Individual,Manual,0,,
Yamaha FZ S V 2.0,2015.0,0.48,0.84,23000,Petrol,Individual,Manual,0,,
Honda Dream Yuga ,2017.0,0.48,0.54,8600,Petrol,Individual,Manual,0,,
Honda Activa 4G,2017.0,0.45,0.51,4000,Petrol,Individual,Automatic,0,,
Bajaj Avenger Street 220,2011.0,0.45,0.95,24000,Petrol,Individual,Manual,0,,
TVS Apache RTR 180,2014.0,0.45,0.826,23000,Petrol,Individual,Manual,0,,
Bajaj Pulsar NS 200,2012.0,0.45,0.99,14500,Petrol,Individual,Manual,0,,
Bajaj Avenger 220 dtsi,2010.0,0.45,0.95,27000,Petrol,Individual,Manual,0,,
Hero Splender iSmart,2016.0,0.45,0.54,14000,Petrol,Individual,Manual,0,,
Activa 3g,2016.0,0.45,0.54,500,Petrol,Individual,Automatic,0,,
Hero Passion Pro,2016.0,0.45,0.55,1000,Petrol,Individual,Manual,0,,
TVS Apache RTR 160,2014.0,0.42,0.81,42000,Petrol,Individual,Manual,0,,
Honda CB Trigger,2013.0,0.42,0.73,12000,Petrol,Individual,Manual,0,,
Hero Splender iSmart,2015.0,0.4,0.54,14000,Petrol,Individual,Manual,0,,
Yamaha FZ S ,2012.0,0.4,0.83,5500,Petrol,Individual,Manual,0,,
Hero Passion Pro,2015.0,0.4,0.55,6700,Petrol,Individual,Manual,0,,
Bajaj Pulsar 135 LS,2014.0,0.4,0.64,13700,Petrol,Individual,Manual,0,,
Activa 4g,2017.0,0.4,0.51,1300,Petrol,Individual,Automatic,0,,
Honda CB Unicorn,2015.0,0.38,0.72,38600,Petrol,Individual,Manual,0,,
Hero Honda CBZ extreme,2011.0,0.38,0.787,75000,Petrol,Individual,Manual,0,,
Honda Karizma,2011.0,0.35,1.05,30000,Petrol,Individual,Manual,0,,
Honda Activa 125,2016.0,0.35,0.57,24000,Petrol,Individual,Automatic,0,,
TVS Jupyter,2014.0,0.35,0.52,19000,Petrol,Individual,Automatic,0,,
Honda Karizma,2010.0,0.31,1.05,213000,Petrol,Individual,Manual,0,,
Hero Honda Passion Pro,2012.0,0.3,0.51,60000,Petrol,Individual,Manual,0,,
Hero Splender Plus,2016.0,0.3,0.48,50000,Petrol,Individual,Manual,0,,
Honda CB Shine,2013.0,0.3,0.58,30000,Petrol,Individual,Manual,0,,
Bajaj Discover 100,2013.0,0.27,0.47,21000,Petrol,Individual,Manual,0,,
Bajaj Pulsar 150,2008.0,0.25,0.75,26000,Petrol,Individual,Manual,1,,
Suzuki Access 125,2008.0,0.25,0.58,1900,Petrol,Individual,Automatic,0,,
TVS Wego,2010.0,0.25,0.52,22000,Petrol,Individual,Automatic,0,,
Honda CB twister,2013.0,0.25,0.51,32000,Petrol,Individual,Manual,0,,
Hero Glamour,2013.0,0.25,0.57,18000,Petrol,Individual,Manual,0,,
Hero Super Splendor,2005.0,0.2,0.57,55000,Petrol,Individual,Manual,0,,
Bajaj Pulsar 150,2008.0,0.2,0.75,60000,Petrol,Individual,Manual,0,,
Bajaj Discover 125,2012.0,0.2,0.57,25000,Petrol,Individual,Manual,1,,
Hero Hunk,2007.0,0.2,0.75,49000,Petrol,Individual,Manual,1,,
Hero  Ignitor Disc,2013.0,0.2,0.65,24000,Petrol,Individual,Manual,1,,
Hero  CBZ Xtreme,2008.0,0.2,0.787,50000,Petrol,Individual,Manual,0,,
Bajaj  ct 100,2015.0,0.18,0.32,35000,Petrol,Individual,Manual,0,,
Activa 3g,2008.0,0.17,0.52,500000,Petrol,Individual,Automatic,0,,
Honda CB twister,2010.0,0.16,0.51,33000,Petrol,Individual,Manual,0,,
Bajaj Discover 125,2011.0,0.15,0.57,35000,Petrol,Individual,Manual,1,,
Honda CB Shine,2007.0,0.12,0.58,53000,Petrol,Individual,Manual,0,,
Bajaj Pulsar 150,2006.0,0.1,0.75,92233,Petrol,Individual,Manual,0,,
i20,2010.0,3.25,6.79,58000,Diesel,Dealer,Manual,1,,
grand i10,2015.0,4.4,5.7,28200,Petrol,Dealer,Manual,0,,
i10,2011.0,2.95,4.6,53460,Petrol,Dealer,Manual,0,,
eon,2015.0,2.75,4.43,28282,Petrol,Dealer,Manual,0,,
grand i10,2016.0,5.25,5.7,3493,Petrol,Dealer,Manual,1,,
xcent,2017.0,5.75,7.13,12479,Petrol,Dealer,Manual,0,,
grand i10,2015.0,5.15,5.7,34797,Petrol,Dealer,Automatic,0,,
i20,2017.0,7.9,8.1,3435,Petrol,Dealer,Manual,0,,
grand i10,2015.0,4.85,5.7,21125,Diesel,Dealer,Manual,0,,
i10,2012.0,3.1,4.6,35775,Petrol,Dealer,Manual,0,,
elantra,2015.0,11.75,14.79,43535,Diesel,Dealer,Manual,0,,
creta,2016.0,11.25,13.6,22671,Petrol,Dealer,Manual,0,,
i20,2011.0,2.9,6.79,31604,Petrol,Dealer,Manual,0,,
grand i10,2017.0,5.25,5.7,20114,Petrol,Dealer,Manual,0,,
verna,2012.0,4.5,9.4,36100,Petrol,Dealer,Manual,0,,
eon,2016.0,2.9,4.43,12500,Petrol,Dealer,Manual,0,,
eon,2016.0,3.15,4.43,15000,Petrol,Dealer,Manual,0,,
verna,2014.0,6.45,9.4,45078,Petrol,Dealer,Manual,0,,
verna,2012.0,4.5,9.4,36000,Petrol,Dealer,Manual,0,,
eon,2017.0,3.5,4.43,38488,Petrol,Dealer,Manual,0,,
i20,2013.0,4.5,6.79,32000,Petrol,Dealer,Automatic,0,,
i20,2014.0,6.0,7.6,77632,Diesel,Dealer,Manual,0,,
verna,2015.0,8.25,9.4,61381,Diesel,Dealer,Manual,0,,
verna,2013.0,5.11,9.4,36198,Petrol,Dealer,Automatic,0,,
i10,2011.0,2.7,4.6,22517,Petrol,Dealer,Manual,0,,
grand i10,2015.0,5.25,5.7,24678,Petrol,Dealer,Manual,0,,
i10,2011.0,2.55,4.43,57000,Petrol,Dealer,Manual,0,,
verna,2012.0,4.95,9.4,60000,Diesel,Dealer,Manual,0,,
i20,2012.0,3.1,6.79,52132,Diesel,Dealer,Manual,0,,
verna,2013.0,6.15,9.4,45000,Diesel,Dealer,Manual,0,,
verna,2017.0,9.25,9.4,15001,Petrol,Dealer,Manual,0,,
elantra,2015.0,11.45,14.79,12900,Petrol,Dealer,Automatic,0,,
grand i10,2013.0,3.9,5.7,53000,Diesel,Dealer,Manual,0,,
grand i10,2015.0,5.5,5.7,4492,Petrol,Dealer,Manual,0,,
verna,2017.0,9.1,9.4,15141,Petrol,Dealer,Manual,0,,
eon,2016.0,3.1,4.43,11849,Petrol,Dealer,Manual,0,,
creta,2015.0,11.25,13.6,68000,Diesel,Dealer,Manual,0,,
verna,2013.0,4.8,9.4,60241,Petrol,Dealer,Manual,0,,
eon,2012.0,2.0,4.43,23709,Petrol,Dealer,Manual,0,,
verna,2012.0,5.35,9.4,32322,Diesel,Dealer,Manual,0,,
xcent,2015.0,4.75,7.13,35866,Petrol,Dealer,Manual,1,,
xcent,2014.0,4.4,7.13,34000,Petrol,Dealer,Manual,0,,
i20,2016.0,6.25,7.6,7000,Petrol,Dealer,Manual,0,,
verna,2013.0,5.95,9.4,49000,Diesel,Dealer,Manual,0,,
verna,2012.0,5.2,9.4,71000,Diesel,Dealer,Manual,0,,
i20,2012.0,3.75,6.79,35000,Petrol,Dealer,Manual,0,,
verna,2015.0,5.95,9.4,36000,Petrol,Dealer,Manual,0,,
i10,2013.0,4.0,4.6,30000,Petrol,Dealer,Manual,0,,
i20,2016.0,5.25,7.6,17000,Petrol,Dealer,Manual,0,,
creta,2016.0,12.9,13.6,35934,Diesel,Dealer,Manual,0,,
city,2013.0,5.0,9.9,56701,Petrol,Dealer,Manual,0,,
brio,2015.0,5.4,6.82,31427,Petrol,Dealer,Automatic,0,,
city,2014.0,7.2,9.9,48000,Diesel,Dealer,Manual,0,,
city,2013.0,5.25,9.9,54242,Petrol,Dealer,Manual,0,,
brio,2012.0,3.0,5.35,53675,Petrol,Dealer,Manual,0,,
city,2016.0,10.25,13.6,49562,Petrol,Dealer,Manual,0,,
city,2015.0,8.5,13.6,40324,Petrol,Dealer,Manual,0,,
city,2015.0,8.4,13.6,25000,Petrol,Dealer,Manual,0,,
amaze,2014.0,3.9,7.0,36054,Petrol,Dealer,Manual,0,,
city,2016.0,9.15,13.6,29223,Petrol,Dealer,Manual,0,,
brio,2016.0,5.5,5.97,5600,Petrol,Dealer,Manual,0,,
amaze,2015.0,4.0,5.8,40023,Petrol,Dealer,Manual,0,,
jazz,2016.0,6.6,7.7,16002,Petrol,Dealer,Manual,0,,
amaze,2015.0,4.0,7.0,40026,Petrol,Dealer,Manual,0,,
jazz,2017.0,6.5,8.7,21200,Petrol,Dealer,Manual,0,,
amaze,2014.0,3.65,7.0,35000,Petrol,Dealer,Manual,0,,
city,2016.0,8.35,9.4,19434,Diesel,Dealer,Manual,0,,
brio,2017.0,4.8,5.8,19000,Petrol,Dealer,Manual,0,,
city,2015.0,6.7,10.0,18828,Petrol,Dealer,Manual,0,,
city,2011.0,4.1,10.0,69341,Petrol,Dealer,Manual,0,,
city,2009.0,3.0,10.0,69562,Petrol,Dealer,Manual,0,,
city,2015.0,7.5,10.0,27600,Petrol,Dealer,Manual,0,,
jazz,2010.0,2.25,7.5,61203,Petrol,Dealer,Manual,0,,
brio,2014.0,5.3,6.8,16500,Petrol,Dealer,Manual,0,,
city,2016.0,10.9,13.6,30753,Petrol,Dealer,Automatic,0,,
city,2015.0,8.65,13.6,24800,Petrol,Dealer,Manual,0,,
city,2015.0,9.7,13.6,21780,Petrol,Dealer,Manual,0,,
jazz,2016.0,6.0,8.4,4000,Petrol,Dealer,Manual,0,,
city,2014.0,6.25,13.6,40126,Petrol,Dealer,Manual,0,,
brio,2015.0,5.25,5.9,14465,Petrol,Dealer,Manual,0,,
city,2006.0,2.1,7.6,50456,Petrol,Dealer,Manual,0,,
city,2014.0,8.25,14.0,63000,Diesel,Dealer,Manual,0,,
city,2016.0,8.99,11.8,9010,Petrol,Dealer,Manual,0,,
brio,2013.0,3.5,5.9,9800,Petrol,Dealer,Manual,0,,
jazz,2016.0,7.4,8.5,15059,Petrol,Dealer,Automatic,0,,
jazz,2016.0,5.65,7.9,28569,Petrol,Dealer,Manual,0,,
amaze,2015.0,5.75,7.5,44000,Petrol,Dealer,Automatic,0,,
city,2015.0,8.4,13.6,34000,Petrol,Dealer,Manual,0,,
city,2016.0,10.11,13.6,10980,Petrol,Dealer,Manual,0,,
amaze,2014.0,4.5,6.4,19000,Petrol,Dealer,Manual,0,,
brio,2015.0,5.4,6.1,31427,Petrol,Dealer,Manual,0,,
jazz,2016.0,6.4,8.4,12000,Petrol,Dealer,Manual,0,,
city,2010.0,3.25,9.9,38000,Petrol,Dealer,Manual,0,,
amaze,2014.0,3.75,6.8,33019,Petrol,Dealer,Manual,0,,
city,2015.0,8.55,13.09,60076,Diesel,Dealer,Manual,0,,
city,2016.0,9.5,11.6,33988,Diesel,Dealer,Manual,0,,
brio,2015.0,4.0,5.9,60000,Petrol,Dealer,Manual,0,,
city,2009.0,3.35,11.0,87934,Petrol,Dealer,Manual,0,,
city,2017.0,11.5,12.5,9000,Diesel,Dealer,Manual,0,,
brio,2016.0,5.3,5.9,5464,Petrol,Dealer,Manual,0,,
,,6.682306882580587,15.700732149832053,126133,Petrol,Dealer,Automatic,1,15.0,8408.866666666667
,,38.86840736225176,52.811564303989,111961,Petrol,Individual,Automatic,3,6.0,18660.166666666668
,,9.234214635069891,41.45391609759277,96923,CNG,Dealer,Manual,2,29.0,3342.1724137931033
,,60.254692451302006,87.46513949286911,87972,Petrol,Individual,Manual,1,7.0,12567.42857142857
,,30.62370911798896,120.90541624594093,167686,Petrol,Individual,Automatic,1,26.0,6449.461538461538
,,2.6017989366359555,11.622077172676049,88046,Petrol,Dealer,Manual,0,29.0,3036.0689655172414
,,33.821947267300054,98.51500582942867,146406,CNG,Individual,Manual,3,20.0,7320.3
,,60.72176641930937,146.45405903852046,73594,Diesel,Dealer,Manual,1,17.0,4329.058823529412
,,16.811615586849875,56.407036854981236,70276,Diesel,Individual,Manual,3,24.0,2928.1666666666665
,,58.22135975961164,63.3732621905845,294204,Diesel,Dealer,Automatic,1,1.0,294204.0
,,29.38746476390154,33.373763013226636,79818,Diesel,Dealer,Manual,0,2.0,39909.0
,,7.111568642653316,25.818870384857775,53283,CNG,Individual,Automatic,2,24.0,2220.125
,,75.82364144515867,147.91036816351027,152479,Diesel,Individual,Manual,2,13.0,11729.153846153846
,,36.25481418632995,113.06813654585143,122120,CNG,Dealer,Automatic,2,22.0,5550.909090909091
,,0.278825408491307,5.795867304987867,257788,Diesel,Dealer,Manual,2,26.0,9914.923076923076
,,44.363351810365266,147.2779285856557,130071,Diesel,Individual,Manual,1,23.0,5655.260869565217
,,40.827945429744595,104.39055099124454,23543,Diesel,Dealer,Manual,3,18.0,1307.9444444444443
,,5.345601454150334,15.541090261329476,194531,CNG,Dealer,Automatic,2,18.0,10807.277777777777
,,27.219352528486272,79.05119941343129,233259,CNG,Dealer,Manual,2,20.0,11662.95
,,85.2445575127822,96.56922742899647,213773,CNG,Dealer,Manual,3,2.0,106886.5
,,0.0,3.228851804733849,103938,Petrol,Individual,Automatic,1,18.0,5774.333333333333
,,18.395878165266367,50.05023924258264,204919,Petrol,Individual,Automatic,2,19.0,10785.21052631579
,,47.97850721306439,62.74565904711749,77502,CNG,Individual,Automatic,2,5.0,15500.4
,,3.4198834036352705,10.382007060597331,166295,Diesel,Dealer,Manual,0,24.0,6928.958333333333
,,41.13567219003699,49.8594253030908,230208,Diesel,Individual,Automatic,3,3.0,76736.0
,,7.678797902070081,26.73447342842319,210530,Petrol,Dealer,Automatic,1,24.0,8772.083333333334
,,13.217709346292525,21.60495767934873,107317,Diesel,Individual,Automatic,3,9.0,11924.111111111111
,,51.8535177758025,93.60666210178297,247447,Diesel,Dealer,Automatic,3,11.0,22495.18181818182
,,36.49850385088226,102.78584051989486,4001,CNG,Dealer,Manual,3,20.0,200.05
,,61.693631286186964,91.39807656642918,283313,Diesel,Dealer,Manual,3,7.0,40473.28571428572
,,67.32509667632313,98.64380145079966,47085,Petrol,Individual,Manual,3,7.0,6726.428571428572
,,23.880157410564006,93.41836545079241,288738,Diesel,Dealer,Automatic,0,25.0,11549.52
,,65.28654278354342,143.57310287376117,165932,Petrol,Dealer,Manual,3,15.0,11062.133333333333
,,6.389710718397221,13.521158960002282,7819,Petrol,Dealer,Automatic,0,14.0,558.5
,,4.276192331002124,9.705561997563173,244501,Petrol,Individual,Automatic,3,12.0,20375.083333333332
,,40.35709629748411,65.45921281811205,274439,Diesel,Individual,Automatic,2,9.0,30493.222222222223
,,38.919716986619896,95.67009596930829,179042,Diesel,Individual,Automatic,0,17.0,10531.882352941177
,,89.14739609237907,142.39238182723173,100093,CNG,Individual,Manual,0,9.0,11121.444444444445
,,45.49792259954115,129.15282058380012,211807,Petrol,Dealer,Automatic,3,20.0,10590.35
,,76.49462380670661,128.9030614759581,182977,Diesel,Dealer,Automatic,2,10.0,18297.7
,,77.8419725338772,111.33709806900953,46003,CNG,Individual,Manual,0,7.0,6571.857142857143
,,74.58506606405456,138.21016985940798,232891,Diesel,Dealer,Manual,0,12.0,19407.583333333332
,,17.411496684313352,79.99929170929451,229944,Diesel,Dealer,Automatic,1,29.0,7929.103448275862
,,2.121223727238144,4.947470524919813,72173,Petrol,Individual,Manual,3,13.0,5551.7692307692305
,,56.29920748740486,149.90507385787217,12642,CNG,Dealer,Manual,0,19.0,665.3684210526316
,,34.21823860062421,122.42515598875767,34518,CNG,Dealer,Manual,1,25.0,1380.72
,,10.715816780467453,32.5781954414856,76504,Diesel,Dealer,Automatic,0,20.0,3825.2
,,7.162461080215752,20.859076358689133,186263,Petrol,Individual,Manual,3,19.0,9803.315789473685
,,8.821208591927368,39.15091133962536,17411,CNG,Individual,Automatic,0,28.0,621.8214285714286
,,21.723250144144522,25.895582109596962,117360,Diesel,Dealer,Manual,1,3.0,39120.0
,,46.24660221144551,52.198791111716304,101228,Petrol,Dealer,Manual,0,2.0,50614.0
,,20.902898175776755,98.53847316968387,270314,Petrol,Dealer,Manual,1,29.0,9321.172413793103
,,126.88521526454294,148.93233995895676,273519,Diesel,Individual,Manual,2,3.0,91173.0
,,33.250517256304036,85.3330087646672,138355,Diesel,Individual,Automatic,1,18.0,7686.388888888889
,,41.9717993546474,137.35008261805916,72516,Diesel,Dealer,Automatic,3,23.0,3152.8695652173915
,,67.12534711756138,71.68744755532565,262650,Petrol,Dealer,Automatic,1,1.0,262650.0
,,18.83710271426091,45.653624237376846,198022,CNG,Dealer,Manual,3,16.0,12376.375
,,13.4448641210126,55.7088205989227,24370,Petrol,Dealer,Automatic,0,28.0,870.3571428571429
,,39.08844683525493,126.46931463165502,30921,Diesel,Dealer,Manual,2,23.0,1344.391304347826
,,8.024196624430779,29.16977445789919,48956,Petrol,Dealer,Automatic,1,26.0,1882.923076923077
,,115.2245831987172,149.7843695196369,121300,Diesel,Dealer,Automatic,3,5.0,24260.0
,,47.08960841403149,74.8980111179095,116572,Petrol,Individual,Manual,0,9.0,12952.444444444445
,,19.047378968982215,62.511981127387195,193393,Petrol,Individual,Automatic,3,22.0,8790.59090909091
,,20.818943881443975,22.21868320180699,112812,Petrol,Dealer,Automatic,0,1.0,112812.0
,,56.72152038175532,105.80590800324136,143446,Diesel,Dealer,Manual,1,12.0,11953.833333333334
,,24.29517078007514,70.04178416078226,9737,Petrol,Individual,Automatic,3,21.0,463.6666666666667
,,28.167870373650366,38.33336592638843,225260,Diesel,Dealer,Manual,0,5.0,45052.0
,,44.224168030489786,98.99820566270583,1257,Diesel,Dealer,Automatic,2,16.0,78.5625
,,10.230300513167574,10.8009393470637,60891,Diesel,Dealer,Manual,2,1.0,60891.0
,,38.12685635296595,109.57803917219616,8552,Diesel,Dealer,Automatic,3,21.0,407.23809523809524
,,78.02601850407862,144.91564496201636,34347,Diesel,Individual,Manual,1,12.0,2862.25
,,11.596450117976095,14.03812224319747,162814,Diesel,Dealer,Manual,0,2.0,81407.0
,,75.99367443248671,95.47493691169444,244342,Petrol,Dealer,Automatic,2,4.0,61085.5
,,62.12081599645039,127.12524788601783,27115,Diesel,Dealer,Manual,0,14.0,1936.7857142857142
,,21.421021535936585,83.0798708706929,195775,Petrol,Individual,Manual,2,26.0,7529.807692307692
,,4.751043218166591,7.258666376588725,16458,Petrol,Dealer,Manual,2,8.0,2057.25
,,6.075135584209821,9.10191392133618,222175,Diesel,Dealer,Manual,2,3.0,74058.33333333333
,,60.72373063617574,114.80331415378947,207931,Petrol,Individual,Manual,2,12.0,17327.583333333332
,,14.414007579213916,53.57891382627345,209164,Petrol,Dealer,Manual,2,24.0,8715.166666666666
,,46.85212599508336,52.320936959693114,24272,CNG,Dealer,Manual,2,2.0,12136.0
,,25.021981428052726,25.870272693226326,11213,CNG,Individual,Automatic,1,1.0,11213.0
,,61.469202076919125,94.08918039559839,125276,Diesel,Dealer,Automatic,0,8.0,15659.5
,,10.637327828280256,22.624799675795696,41957,Petrol,Dealer,Manual,2,13.0,3227.4615384615386
,,144.21205065410027,146.18407199580383,261050,CNG,Individual,Automatic,2,0.0,261050.0
,,63.53517956631248,139.11125006085362,267146,Diesel,Dealer,Automatic,2,15.0,17809.733333333334
,,106.92118962477839,108.38859260613532,206593,CNG,Individual,Manual,2,0.0,206593.0
,,25.577730781389363,105.84117009775663,163167,Petrol,Dealer,Automatic,0,27.0,6043.222222222223
,,119.1371185854845,125.43117599256463,71971,CNG,Individual,Automatic,0,1.0,71971.0
,,130.54318888134375,147.31898047807744,254898,Petrol,Dealer,Manual,2,2.0,127449.0
,,80.0557418944101,123.15858133377448,237126,Diesel,Dealer,Automatic,3,8.0,29640.75
,,9.019493494529662,16.200277617361557,88856,CNG,Dealer,Automatic,3,11.0,8077.818181818182
,,26.698083460469366,66.834454718331,43825,CNG,Dealer,Manual,3,18.0,2434.722222222222
,,52.8798217798843,62.435088815878274,85898,Petrol,Dealer,Automatic,1,3.0,28632.666666666668
,,2.236292228158336,3.5804712847380764,136142,Petrol,Dealer,Automatic,1,5.0,27228.4
,,72.39308421453771,143.0364388808519,211831,CNG,Individual,Manual,3,13.0,16294.692307692309
,,0.09244675271248215,5.788008818669367,185005,Diesel,Individual,Automatic,3,24.0,7708.541666666667
,,47.82315997658608,68.33105933605384,13238,Petrol,Individual,Manual,3,7.0,1891.142857142857
,,21.774471588416443,64.67979937895855,91285,CNG,Dealer,Manual,1,21.0,4346.9047619047615
,,66.9656757562054,92.13538657012309,237704,Diesel,Dealer,Automatic,2,6.0,39617.333333333336
,,36.70717727787146,135.25204541630563,240556,CNG,Individual,Manual,1,25.0,9622.24
,,11.1295255457545,44.48792693020513,52318,Petrol,Individual,Manual,0,25.0,2092.72
,,11.509369670933292,15.774728189537276,284355,Diesel,Individual,Manual,3,4.0,71088.75
,,13.492216403020521,21.48857785714739,32245,CNG,Individual,Automatic,2,9.0,3582.777777777778
,,62.87833351937917,90.56892966415133,73856,CNG,Individual,Automatic,2,7.0,10550.857142857143
,,67.92004195140937,147.54753443873153,118678,Diesel,Dealer,Manual,1,15.0,7911.866666666667
,,12.34056858837013,55.26428186714434,259921,Diesel,Individual,Automatic,2,27.0,9626.703703703704
,,35.25435042468771,93.40856593516351,204995,CNG,Individual,Manual,0,18.0,11388.611111111111
,,50.51378506823958,141.34426955972287,27633,Diesel,Individual,Automatic,0,20.0,1381.65
,,33.7540190799121,86.75794947448787,250692,Diesel,Dealer,Manual,3,18.0,13927.333333333334
,,6.990108218583741,29.12276083505145,147836,Diesel,Dealer,Manual,0,24.0,6159.833333333333
,,5.158688528005004,7.304203773120611,15600,CNG,Individual,Automatic,1,4.0,3900.0
,,21.50613001469971,47.76407316901057,47396,Petrol,Individual,Automatic,3,16.0,2962.25
,,50.707265084618825,89.61988854507094,54630,Petrol,Dealer,Automatic,2,11.0,4966.363636363636
,,70.08061157182357,116.69741046983738,23540,Diesel,Dealer,Automatic,1,10.0,2354.0
,,69.72641246909726,142.4907584094751,30555,CNG,Individual,Manual,0,14.0,2182.5
,,107.18256284827679,133.4514488104186,134328,CNG,Dealer,Manual,2,4.0,33582.0
,,3.7240485620153336,13.355679910043357,201991,Petrol,Individual,Manual,1,19.0,10631.105263157895
,,30.395737095852343,88.71733845570914,14379,Petrol,Individual,Automatic,1,21.0,684.7142857142857
,,9.622311365589336,45.73912447111054,298414,Diesel,Individual,Manual,0,26.0,11477.461538461539
,,57.17246474939383,57.97640612761759,118709,CNG,Individual,Manual,2,0.0,118709.0
,,2.004599797923818,3.089436490809214,161051,CNG,Dealer,Manual,3,3.0,53683.666666666664
,,83.26511777716374,140.3076451299772,76334,Diesel,Dealer,Manual,0,10.0,7633.4
,,38.24863976210487,119.08014478697298,90444,Petrol,Dealer,Manual,1,22.0,4111.090909090909
,,19.06254383074894,19.2779231429105,209851,Diesel,Individual,Automatic,3,0.0,209851.0
,,38.34739704921095,132.14339408499126,101542,Diesel,Dealer,Manual,0,24.0,4230.916666666667
,,17.3801058707846,81.1958277571818,294871,Diesel,Dealer,Manual,2,28.0,10531.107142857143
,,17.953020962188184,26.213141614931367,189372,Petrol,Dealer,Automatic,0,6.0,31562.0
,,24.51661344867462,36.12053102199871,19177,Petrol,Dealer,Automatic,1,7.0,2739.5714285714284
,,13.807932224350944,23.5154181536711,39132,CNG,Dealer,Manual,1,10.0,3913.2
,,63.27214814478877,86.44958419343614,49097,Diesel,Individual,Manual,3,6.0,8182.833333333333
,,0.0,0.7051142549757858,255306,CNG,Individual,Automatic,0,18.0,14183.666666666666
,,33.2353554379779,98.26317004894072,4021,Petrol,Dealer,Automatic,2,21.0,191.47619047619048
,,33.64973723451522,109.90979881562822,62350,Diesel,Individual,Automatic,3,23.0,2710.8695652173915
,,105.8078844900678,118.90381312096231,258504,Diesel,Dealer,Manual,3,2.0,129252.0
,,35.92415445209902,143.23382288395032,285081,Diesel,Individual,Automatic,2,26.0,10964.653846153846
,,60.07727268494375,125.18762053002959,184958,Diesel,Dealer,Manual,0,14.0,13211.285714285714
,,57.15550537148336,91.05672391345344,84697,Petrol,Individual,Manual,2,9.0,9410.777777777777
,,31.54125556616816,115.5428185473982,172786,Diesel,Individual,Automatic,3,25.0,6911.44
,,5.244110464097407,7.742134190903614,128312,Diesel,Individual,Automatic,2,6.0,21385.333333333332
,,38.90984331342103,38.90399738809187,106036,Diesel,Dealer,Automatic,2,0.0,106036.0
,,23.779733581860327,71.68050782553111,152530,Petrol,Dealer,Automatic,0,21.0,7263.333333333333
,,8.726720492238035,21.074746065448505,179504,Petrol,Individual,Manual,3,16.0,11219.0
,,60.010702715625875,83.7291448769643,249349,CNG,Dealer,Automatic,3,6.0,41558.166666666664
,,45.443990732093305,86.05173661996639,268286,Diesel,Individual,Manual,2,12.0,22357.166666666668
,,16.49714106326503,41.04742285842529,227328,CNG,Individual,Manual,1,17.0,13372.235294117647
,,59.47073116013576,108.06534969015786,284304,CNG,Dealer,Manual,0,11.0,25845.81818181818
,,62.56101689166442,115.00517303093123,78089,CNG,Individual,Manual,1,12.0,6507.416666666667
,,68.71321286326392,136.44728037554955,279254,Diesel,Individual,Manual,0,13.0,21481.076923076922
,,78.37640129145166,97.63888824419551,227265,Petrol,Individual,Automatic,3,4.0,56816.25
,,64.41320072034142,82.02405755111715,61653,Petrol,Individual,Automatic,3,5.0,12330.6
,,24.598188172083006,37.26424698467607,199768,Diesel,Individual,Automatic,0,7.0,28538.285714285714
,,5.549036807630904,10.810866827982682,127669,Diesel,Dealer,Manual,0,9.0,14185.444444444445
,,0.48234000517382725,1.7748559212419908,286696,Diesel,Individual,Manual,2,2.0,143348.0
,,23.94174613775147,32.4116990038457,60921,Diesel,Individual,Manual,2,6.0,10153.5
,,130.3851166649045,137.71113489171393,116467,Petrol,Individual,Manual,0,1.0,116467.0
,,36.704151637457805,88.87474676077564,63937,Diesel,Dealer,Manual,0,17.0,3761.0
,,42.45116326573494,49.20453685427256,33127,Petrol,Dealer,Manual,2,3.0,11042.333333333334
,,52.651370896180204,109.94303757858279,111520,Diesel,Dealer,Automatic,2,14.0,7965.714285714285
,,26.57398317928445,31.066907667416334,204230,CNG,Dealer,Automatic,0,2.0,102115.0
,,40.76378330160132,59.537895778637655,210608,CNG,Individual,Automatic,2,7.0,30086.85714285714
,,32.47564884846385,121.55211355395392,206367,CNG,Individual,Automatic,3,25.0,8254.68
,,20.250772418863278,21.64385167248927,27486,Petrol,Individual,Automatic,3,1.0,27486.0
,,17.889813390063402,61.06031865108102,53107,Diesel,Individual,Automatic,1,23.0,2309.0
,,29.062338894681684,55.58461570470715,255006,Diesel,Dealer,Manual,2,12.0,21250.5
,,66.7654938110935,95.68752805453867,151544,Diesel,Dealer,Automatic,1,7.0,21649.14285714286
,,44.35864990357178,112.47734929759079,273949,Petrol,Dealer,Manual,1,18.0,15219.388888888889
,,97.26241469887906,146.75235356584625,23118,Petrol,Dealer,Automatic,3,8.0,2889.75
,,44.870482535515926,79.16371498583389,15203,Petrol,Dealer,Automatic,1,11.0,1382.090909090909
,,56.421232715831806,117.38236130298834,111905,Diesel,Individual,Automatic,2,14.0,7993.214285714285
,,70.56226368080456,87.77453885534992,140162,CNG,Dealer,Automatic,1,4.0,35040.5
,,28.69313675979346,70.8336162869334,70206,CNG,Dealer,Manual,2,17.0,4129.764705882353
,,41.38358643102316,47.46767760362702,238326,Diesel,Individual,Automatic,2,2.0,119163.0
,,52.77221298372468,96.76416018817602,31141,Petrol,Individual,Manual,1,12.0,2595.0833333333335
,,51.77613160911964,125.53972612537602,21898,CNG,Individual,Manual,3,17.0,1288.1176470588234
,,10.806861104694534,27.376760346176958,4685,CNG,Individual,Manual,1,18.0,260.27777777777777
,,78.76798244282223,145.87223857685166,32316,CNG,Individual,Manual,3,12.0,2693.0
,,47.35858902444884,94.19058506226422,89463,CNG,Individual,Manual,3,13.0,6881.7692307692305
,,1.9603431556642446,2.266097648212594,14863,Diesel,Dealer,Manual,0,0.0,14863.0
,,3.49281856335314,12.320435111547843,225126,Petrol,Individual,Manual,2,20.0,11256.3
,,26.889194082880575,104.73041711331702,245970,CNG,Individual,Manual,3,25.0,9838.8
,,14.006331825867987,43.29516707813891,121701,Petrol,Individual,Automatic,3,22.0,5531.863636363636
,,1.0587329617907921,2.3048569505359016,31945,Petrol,Dealer,Automatic,1,14.0,2281.785714285714
,,29.032798225760633,107.79542822296783,273555,Petrol,Individual,Automatic,2,25.0,10942.2
,,122.17017720074216,123.00201171327318,107572,CNG,Dealer,Automatic,2,0.0,107572.0
,,51.65048407100108,68.03395213815276,114582,CNG,Dealer,Automatic,2,5.0,22916.4
,,77.09096189979626,99.18954644791403,33978,CNG,Dealer,Automatic,2,5.0,6795.6
,,0.0,0.5221324091975218,33348,Petrol,Individual,Manual,1,9.0,3705.3333333333335
,,31.16353843511775,86.43233621866227,224922,Petrol,Individual,Manual,1,19.0,11838.0
,,109.01541734605544,141.9397108856883,194077,Diesel,Individual,Automatic,1,5.0,38815.4
,,21.78229342608414,54.01499960362147,141447,Diesel,Individual,Manual,0,17.0,8320.411764705883
,,87.78862705691866,109.40162391548611,223504,Petrol,Individual,Automatic,3,4.0,55876.0
,,40.859349576628254,125.38516450862305,249465,Petrol,Dealer,Manual,1,21.0,11879.285714285714
,,10.197259037200972,17.98151467157337,30642,CNG,Individual,Manual,3,11.0,2785.6363636363635
,,23.27855850727083,61.82167902806752,177615,Diesel,Dealer,Automatic,0,18.0,9867.5
,,12.868301445347543,28.373054444799354,111389,Diesel,Individual,Manual,1,14.0,7956.357142857143
,,31.06645410369649,127.25144948158095,88909,Diesel,Dealer,Automatic,2,27.0,3292.925925925926
,,69.01682116348742,135.00213080919391,225044,CNG,Individual,Manual,0,13.0,17311.076923076922
,,40.61970273431677,40.59867631211414,119767,Diesel,Dealer,Automatic,3,0.0,119767.0
,,35.506675840523485,101.2463467773197,172580,Petrol,Dealer,Manual,2,20.0,8629.0
,,100.63001474731,137.3207549376236,144868,Petrol,Individual,Automatic,1,6.0,24144.666666666668
,,42.44280660580743,58.02804690024915,188321,Petrol,Dealer,Manual,1,6.0,31386.833333333332
,,20.11782856202489,30.632428638701644,197951,Diesel,Dealer,Automatic,1,8.0,24743.875
,,87.94562331052163,147.3095268305823,94721,Diesel,Dealer,Manual,0,10.0,9472.1
,,62.8467322963617,145.22636690191658,292258,CNG,Individual,Manual,0,16.0,18266.125
,,97.98535806230917,148.91887940795203,183745,CNG,Dealer,Manual,3,8.0,22968.125
,,41.99713769326758,76.48142358102295,115606,Petrol,Individual,Automatic,2,11.0,10509.636363636364
,,32.95770888259257,71.3756386399151,33805,Petrol,Dealer,Manual,1,15.0,2253.6666666666665
,,16.777936561304372,17.80983093895506,264606,Petrol,Dealer,Automatic,1,0.0,264606.0
,,60.202824544493744,92.35893708192334,226666,CNG,Individual,Automatic,0,8.0,28333.25
,,28.130623309113542,39.549280864612996,191607,Petrol,Individual,Automatic,1,6.0,31934.5
,,68.71420067224129,116.57297822905485,251636,Petrol,Individual,Automatic,0,10.0,25163.6
,,20.230690819609546,47.4437983185381,178755,Petrol,Dealer,Manual,3,16.0,11172.1875
,,47.35150663270706,133.60072133963266,132631,Diesel,Dealer,Manual,0,20.0,6631.55
,,75.70733411220117,109.56290137643634,71330,CNG,Individual,Manual,3,7.0,10190.0
,,32.72950840361044,133.76188741936127,132165,Diesel,Individual,Automatic,1,27.0,4895.0
,,37.79849151337754,79.3007630491434,77652,CNG,Individual,Manual,1,15.0,5176.8
,,44.864265043961296,77.79202205982556,251142,CNG,Individual,Manual,2,10.0,25114.2
,,1.1042050410010948,5.752682777146989,199842,CNG,Individual,Automatic,2,24.0,8326.75
,,39.5402243186879,129.53018734729525,50046,Petrol,Individual,Manual,2,23.0,2175.913043478261
,,20.484598988960013,58.37235473505493,153388,Diesel,Dealer,Manual,0,20.0,7669.4
,,62.479060203738165,113.74619094376692,297871,Petrol,Individual,Manual,0,11.0,27079.18181818182
,,34.1583187390259,108.47360635379762,179416,CNG,Dealer,Automatic,3,22.0,8155.272727272727
,,46.20502543453145,46.47903402314865,89858,CNG,Dealer,Automatic,3,0.0,89858.0
,,40.31001622544067,45.29835304091033,244865,Petrol,Individual,Manual,1,2.0,122432.5
,,60.200857788364104,61.46732439075435,87845,CNG,Individual,Manual,3,0.0,87845.0
,,90.39352884531755,110.77411739691416,71861,Diesel,Dealer,Automatic,1,4.0,17965.25
,,54.508105007921436,73.56261580047625,63281,CNG,Individual,Automatic,0,6.0,10546.833333333334
,,29.567172670072445,77.46639295969379,47927,CNG,Dealer,Automatic,1,19.0,2522.4736842105262
,,43.351837165146556,133.23027154163213,7249,Petrol,Dealer,Manual,2,22.0,329.5
,,15.040065185825817,42.1256368716946,145638,CNG,Dealer,Manual,0,18.0,8091.0
,,25.031637165607,48.629257454195006,134036,Petrol,Dealer,Manual,2,12.0,11169.666666666666
,,12.89535062341365,35.14920050578809,203853,CNG,Individual,Manual,3,18.0,11325.166666666666
,,58.88384961549079,135.80360070741162,87207,Petrol,Dealer,Automatic,1,16.0,5450.4375
,,49.818690247549,100.18253632948478,275828,Diesel,Dealer,Manual,0,13.0,21217.53846153846
,,1.8729463289865094,6.086120949154974,209153,CNG,Individual,Manual,1,16.0,13072.0625
,,63.362492404402374,70.76808306974455,111360,Diesel,Individual,Manual,3,2.0,55680.0
,,40.935127605340426,100.08896968138504,230519,Diesel,Individual,Manual,2,17.0,13559.941176470587
,,36.0843824579766,45.14875231868908,3698,CNG,Dealer,Automatic,3,4.0,924.5
,,45.036682711153475,120.58429272895083,157743,Petrol,Dealer,Automatic,0,19.0,8302.263157894737
,,82.11884281335988,119.07518775315572,102570,Petrol,Dealer,Manual,0,7.0,14652.857142857143
,,31.685508661433758,108.25229772274392,274921,Petrol,Dealer,Automatic,2,23.0,11953.08695652174
,,27.49684167793286,56.6032648742461,73746,Diesel,Individual,Automatic,1,14.0,5267.571428571428
,,87.43784159846153,98.12217716153461,286024,CNG,Dealer,Automatic,0,2.0,143012.0
,,49.93317792615514,115.09384788871942,61244,Diesel,Individual,Manual,0,16.0,3827.75
,,35.000935441917306,80.95911914218837,80570,CNG,Individual,Manual,1,16.0,5035.625
,,32.27653494248862,136.62081597904478,114005,CNG,Individual,Manual,3,28.0,4071.6071428571427
,,49.70457094302106,106.28466440774812,281451,Diesel,Individual,Automatic,3,14.0,20103.64285714286
,,8.802898409652801,40.54726977808448,289516,CNG,Individual,Automatic,0,27.0,10722.814814814816
,,10.693827167524583,10.99195156705209,104263,Petrol,Dealer,Automatic,0,1.0,104263.0
,,120.31946802978709,139.62197073804282,23757,Petrol,Dealer,Manual,1,3.0,7919.0
,,79.71392161502729,92.94780754064207,43575,Diesel,Dealer,Manual,2,3.0,14525.0
,,63.955012486678186,118.78236487146923,143044,Diesel,Dealer,Manual,3,12.0,11920.333333333334
,,53.3775523665898,85.12852639504348,24270,Diesel,Dealer,Manual,2,9.0,2696.6666666666665
,,19.148223952980416,68.24051644868375,223334,CNG,Individual,Automatic,2,24.0,9305.583333333334
,,4.264313174950971,18.783220826618617,293692,Petrol,Individual,Automatic,0,27.0,10877.481481481482
,,4.329749640316351,7.126164654874563,166435,CNG,Individual,Manual,1,2.0,83217.5
,,34.7652247702716,65.28497741151031,109569,Diesel,Dealer,Automatic,3,12.0,9130.75
,,73.11482951194267,96.74915856657141,208458,CNG,Individual,Automatic,3,5.0,41691.6
,,119.877349990723,127.77891718302475,246577,Petrol,Individual,Manual,1,1.0,246577.0
,,2.586423642296572,15.810911349040802,185290,Diesel,Dealer,Manual,1,27.0,6862.592592592592
,,57.68562389517436,126.0195975439654,139346,Diesel,Dealer,Automatic,1,15.0,9289.733333333334
,,68.27528570685962,135.12332777133346,240132,CNG,Individual,Manual,3,13.0,18471.69230769231
,,106.89269109360035,107.78783392905531,160838,Petrol,Individual,Manual,3,0.0,160838.0
,,37.71770051277036,130.3084303055302,75860,Petrol,Dealer,Automatic,1,24.0,3160.8333333333335
,,0.5423265945753725,5.598540096929157,214240,Diesel,Individual,Automatic,3,21.0,10201.904761904761
,,50.05346379874309,85.60393621625225,247070,Diesel,Individual,Automatic,1,10.0,24707.0
,,24.684795966494868,78.43120078806555,146114,CNG,Dealer,Manual,1,22.0,6641.545454545455
,,4.389562288669358,23.198941079913364,298472,Petrol,Individual,Automatic,2,28.0,10659.714285714286
,,0.8429024118057029,8.123941640592399,135308,Petrol,Individual,Automatic,2,28.0,4832.428571428572
,,99.0260899064807,110.83382722895999,145085,Diesel,Dealer,Automatic,0,2.0,72542.5
,,2.437232665814741,5.258539139051008,81432,CNG,Dealer,Manual,0,13.0,6264.0
,,53.97734632451002,80.80041081453298,60364,CNG,Dealer,Automatic,3,8.0,7545.5
,,45.17513472031272,109.22935857796374,210415,Diesel,Individual,Manual,0,17.0,12377.35294117647
,,21.045537372763967,79.28608796920308,162810,Diesel,Dealer,Automatic,3,25.0,6512.4
,,25.042307433727252,66.3494552199247,215475,CNG,Dealer,Manual,2,18.0,11970.833333333334
,,23.147935077899255,68.44075571067744,167830,Diesel,Individual,Manual,0,20.0,8391.5
,,23.611379254335922,24.990239661818883,231103,Diesel,Individual,Automatic,3,0.0,231103.0
,,11.33275611598975,36.96509172897395,26774,Petrol,Dealer,Automatic,3,22.0,1217.0
,,93.27535334144966,99.0897716170687,292518,Diesel,Dealer,Manual,2,1.0,292518.0
,,14.791748633981543,61.521378768714264,137205,Diesel,Dealer,Manual,1,27.0,5081.666666666667
,,27.03842448613085,72.03958419119216,220606,CNG,Dealer,Automatic,1,18.0,12255.888888888889
,,82.05229131383284,113.72791905069917,231122,Diesel,Individual,Manual,3,6.0,38520.333333333336
,,10.094264461794177,35.92526153772834,123260,CNG,Individual,Manual,2,23.0,5359.130434782609
,,35.46631041962542,128.95613325321509,34825,CNG,Individual,Manual,0,25.0,1393.0
,,28.800774085485706,86.7503844304796,88975,CNG,Individual,Manual,3,21.0,4236.9047619047615
,,76.24448660829675,80.30065846679264,116156,CNG,Dealer,Automatic,1,1.0,116156.0
,,10.75297004990832,41.76463233446271,88915,CNG,Dealer,Automatic,0,25.0,3556.6
,,72.92017884968551,95.90924064296568,255853,CNG,Dealer,Manual,0,5.0,51170.6
,,36.02242373758759,38.7437832165069,179154,Petrol,Dealer,Manual,0,1.0,179154.0
,,4.867225017084924,12.833854457129362,261904,CNG,Dealer,Automatic,2,17.0,15406.117647058823
,,138.92799947750714,146.70263378032274,89211,Petrol,Individual,Automatic,0,1.0,89211.0
,,50.7709736447963,55.858523221038006,68673,Petrol,Dealer,Automatic,0,2.0,34336.5
,,9.82170982806505,40.58645845028935,285325,CNG,Dealer,Automatic,0,24.0,11888.541666666666
,,14.167020672576273,39.331832511860185,127579,CNG,Dealer,Automatic,3,20.0,6378.95
,,37.43379065385496,55.80670464817924,208924,CNG,Dealer,Automatic,2,7.0,29846.285714285714
,,0.0,3.116510484912259,226157,CNG,Dealer,Manual,3,29.0,7798.517241379311
,,45.1322931528819,77.08964434966083,259996,Petrol,Dealer,Automatic,3,10.0,25999.6
,,65.11695058450589,105.0189290858142,138389,CNG,Dealer,Manual,0,9.0,15376.555555555555
,,24.20032404398746,47.50267760234186,248722,CNG,Individual,Automatic,0,12.0,20726.833333333332
,,16.438649452495184,71.62896892834367,135964,Diesel,Dealer,Automatic,0,28.0,4855.857142857143
,,16.823808171500612,25.20817876619645,191120,CNG,Individual,Automatic,3,6.0,31853.333333333332
,,0.8387544384790765,4.22237103084356,72252,Petrol,Individual,Manual,3,14.0,5160.857142857143
,,1.2460231319854458,8.150515215284177,71708,Petrol,Individual,Manual,0,27.0,2655.8518518518517
,,15.239710239593515,25.297892466881056,148315,CNG,Dealer,Automatic,0,9.0,16479.444444444445
,,79.47891945600784,94.29809197542859,200686,CNG,Individual,Manual,0,3.0,66895.33333333333
,,31.945358612764196,80.93954779678444,2967,Diesel,Dealer,Manual,0,18.0,164.83333333333334
,,7.722195981938896,14.51627533222774,167586,Petrol,Dealer,Manual,2,9.0,18620.666666666668
,,6.9651453311167035,28.227123781689922,244467,CNG,Individual,Manual,3,24.0,10186.125
,,108.5275132698489,113.98265398176308,10248,CNG,Dealer,Manual,0,1.0,10248.0
,,68.94164496703068,104.79327456854413,222753,Diesel,Dealer,Manual,1,8.0,27844.125
,,31.46997187201345,31.475537641450916,30772,Diesel,Dealer,Manual,3,0.0,30772.0
,,0.4885656044523126,0.5986169989972353,117928,Petrol,Dealer,Manual,3,13.0,9071.384615384615
,,88.42201107965869,135.27242570126367,185703,Diesel,Individual,Manual,0,8.0,23212.875
,,19.06492280239198,76.22009491562687,77171,Petrol,Individual,Automatic,1,27.0,2858.185185185185
,,44.78296308651944,116.0224584063705,223137,Diesel,Dealer,Automatic,2,18.0,12396.5
,,5.186649986251494,24.89895725098625,227414,Diesel,Dealer,Manual,0,27.0,8422.74074074074
,,40.724732678008,121.4560381918895,70940,Petrol,Individual,Automatic,1,21.0,3378.095238095238
,,0.543780786838581,1.4905952384473846,65761,Petrol,Dealer,Automatic,3,11.0,5978.272727272727
,,52.77172326857262,92.96695467121383,93440,CNG,Dealer,Manual,1,11.0,8494.545454545454
,,27.585647192075033,83.71913896973368,200613,CNG,Dealer,Manual,3,21.0,9553.0
,,45.75042049617567,124.01687073581786,249408,Diesel,Individual,Automatic,0,19.0,13126.736842105263
,,0.0,0.8406644207893725,246004,Petrol,Dealer,Manual,1,6.0,41000.666666666664
,,22.91955892823034,70.07016908565107,37586,CNG,Dealer,Manual,0,21.0,1789.8095238095239
,,9.745631342797765,48.92773255033086,247821,Diesel,Individual,Manual,1,29.0,8545.551724137931
,,70.5776670671177,102.414239244638,245584,CNG,Individual,Automatic,3,7.0,35083.42857142857
,,14.337142485001197,66.5270983915076,132342,Petrol,Dealer,Manual,3,29.0,4563.517241379311
,,14.546663704559947,60.46529025658911,254730,CNG,Individual,Automatic,3,26.0,9797.307692307691
,,15.668075974460404,71.93274026392638,118855,CNG,Dealer,Manual,1,29.0,4098.448275862069
,,13.567366306391362,23.038773061374904,4339,Diesel,Individual,Manual,2,10.0,433.9
,,8.077182453618587,19.940716788776374,217225,Petrol,Dealer,Automatic,1,15.0,14481.666666666666
,,21.877521882467075,93.40127273383537,262702,CNG,Individual,Automatic,0,27.0,9729.703703703704
,,24.61446561627419,112.39617632749511,109986,Diesel,Dealer,Automatic,3,29.0,3792.6206896551726
,,89.12792881553952,135.50102613000755,93582,Diesel,Individual,Automatic,3,8.0,11697.75
,,3.4797965009007767,8.678097473175692,278395,CNG,Dealer,Manual,3,11.0,25308.636363636364
,,113.40032558212965,147.40865656413754,212806,Diesel,Dealer,Manual,2,5.0,42561.2
,,17.24929487954166,29.89071909649292,262910,CNG,Dealer,Automatic,2,9.0,29212.222222222223
,,30.593466248180942,128.99543632001888,4041,Petrol,Individual,Automatic,1,28.0,144.32142857142858
,,0.0,1.8343082540301763,183087,CNG,Dealer,Manual,0,27.0,6781.0
,,15.09211321768428,58.729798374770375,54541,Diesel,Individual,Manual,2,25.0,2181.64
,,81.47679998412977,144.85697367012753,151134,Petrol,Individual,Manual,2,11.0,13739.454545454546
,,38.862940066352124,85.96120274564251,137996,Diesel,Individual,Manual,2,15.0,9199.733333333334
,,34.63542633774474,63.73913265469847,36479,Petrol,Individual,Automatic,2,12.0,3039.9166666666665
,,30.607355897673006,38.17695867169657,160947,Diesel,Individual,Automatic,0,4.0,40236.75
,,28.815902951529687,118.4349951083542,170391,Petrol,Dealer,Manual,0,27.0,6310.777777777777
,,7.856825177443585,34.70000576767046,266817,Petrol,Dealer,Manual,0,28.0,9529.17857142857
,,37.0199308769239,105.3488091094382,96423,Diesel,Individual,Automatic,2,20.0,4821.15
,,5.199372615756946,30.305218561767457,256246,Petrol,Dealer,Manual,3,27.0,9490.592592592593
,,22.576921683030044,98.31155577840195,177904,CNG,Dealer,Manual,1,29.0,6134.620689655172
,,50.829788070344065,135.28065969286294,77320,Diesel,Dealer,Automatic,3,19.0,4069.4736842105262
,,7.969432729663543,18.76670715998541,50604,Petrol,Dealer,Automatic,0,17.0,2976.705882352941
,,56.43348769942967,119.14355901869956,260539,CNG,Individual,Manual,1,14.0,18609.928571428572
,,0.7595679048805501,4.827709913642562,164640,Petrol,Dealer,Automatic,0,17.0,9684.70588235294
,,84.21589316824068,136.03692447402128,185953,CNG,Individual,Manual,3,9.0,20661.444444444445
,,3.1816717548208224,16.010677687122133,263469,Diesel,Dealer,Manual,0,27.0,9758.111111111111
,,36.827202431787406,120.32189162168059,77848,Petrol,Individual,Manual,2,23.0,3384.695652173913
,,61.26086316760211,98.2906852102811,200555,Diesel,Individual,Manual,0,9.0,22283.88888888889
,,123.10399169140973,144.8481685345429,260490,CNG,Dealer,Automatic,2,3.0,86830.0
,,84.79089045745305,133.07488983278117,94163,Diesel,Individual,Automatic,3,9.0,10462.555555555555
,,58.19123406127254,58.66176117754914,129914,Petrol,Individual,Manual,1,0.0,129914.0
,,88.60996024886937,104.35817013942764,183137,Diesel,Individual,Manual,3,3.0,61045.666666666664
,,18.993123725641077,79.89339095231372,268948,CNG,Individual,Manual,3,26.0,10344.153846153846
,,53.273096139516845,149.78469564937777,140348,CNG,Dealer,Automatic,1,20.0,7017.4
,,31.512389506611765,142.20865215034334,84262,CNG,Dealer,Manual,0,29.0,2905.5862068965516
,,20.415455354098174,87.9562218148272,94991,Diesel,Dealer,Automatic,1,28.0,3392.535714285714
,,110.46804140349309,111.20584644885943,180952,CNG,Individual,Automatic,3,0.0,180952.0
,,73.10078784338975,77.60529982369545,57340,Diesel,Individual,Automatic,2,1.0,57340.0
,,13.22904766101352,59.27555927386582,293088,CNG,Dealer,Automatic,2,27.0,10855.111111111111
,,26.970177561072813,50.48091660230016,260091,Diesel,Individual,Manual,0,11.0,23644.636363636364
,,115.51124134238151,141.22821134106545,84315,CNG,Individual,Automatic,3,4.0,21078.75
,,117.4331753264677,130.25047153085234,2584,CNG,Individual,Manual,2,2.0,1292.0
,,4.871712359451644,9.8357154255574,267800,Diesel,Dealer,Manual,1,13.0,20600.0
,,5.436072219835051,10.911229632809084,159086,Diesel,Dealer,Automatic,2,11.0,14462.363636363636
,,30.573419897844758,33.56696557788151,170036,Petrol,Dealer,Automatic,1,1.0,170036.0
,,0.0,4.813279696131513,229972,Petrol,Individual,Automatic,0,27.0,8517.481481481482
,,88.1077276642816,98.97465796953462,228946,Petrol,Dealer,Automatic,0,2.0,114473.0
,,100.37256143633898,112.06305668652855,219597,Petrol,Dealer,Automatic,2,2.0,109798.5
,,15.052093872131241,31.02004989222261,209250,Petrol,Individual,Automatic,1,13.0,16096.153846153846
,,56.29797696295485,120.44128820105647,49018,CNG,Individual,Manual,2,15.0,3267.866666666667
,,8.343221981736084,13.942746355340697,259829,Diesel,Dealer,Automatic,1,7.0,37118.42857142857
,,6.681580429904043,26.441538051911884,189811,Petrol,Dealer,Manual,3,24.0,7908.791666666667
,,59.92898971036792,96.56211782871247,195406,Petrol,Individual,Automatic,3,9.0,21711.777777777777
,,71.20652390104478,128.1281425605199,87843,Petrol,Dealer,Automatic,3,11.0,7985.727272727273
,,28.552963006223443,104.39879845678784,280759,Petrol,Individual,Manual,0,24.0,11698.291666666666
,,21.309015764014696,46.34623664631617,220750,Diesel,Dealer,Manual,3,14.0,15767.857142857143
,,0.08610627051383148,0.5141420957791404,29401,Petrol,Individual,Manual,1,15.0,1960.0666666666666
,,50.556723110688154,70.35089304649189,230711,Petrol,Dealer,Automatic,2,6.0,38451.833333333336
,,15.066745219602762,16.816055382154286,267337,Petrol,Dealer,Manual,3,1.0,267337.0
,,16.742439331364622,59.244539854704705,277104,Diesel,Individual,Manual,3,23.0,12048.0
,,3.1534431743370446,13.633859713465192,268125,Diesel,Individual,Automatic,0,20.0,13406.25
,,71.88210676524012,127.28702563426653,195835,CNG,Dealer,Manual,2,11.0,17803.18181818182
,,72.72524843434067,109.94915889460364,31656,CNG,Dealer,Automatic,1,8.0,3957.0
,,44.29049638816516,107.94951234452948,178775,CNG,Individual,Manual,0,17.0,10516.176470588236
,,3.8068835669707415,8.260294088565432,198100,CNG,Individual,Manual,2,15.0,13206.666666666666
,,51.00094017925472,60.073862339123934,72797,CNG,Individual,Manual,2,3.0,24265.666666666668
,,1.1067655571452857,4.916839509282123,116806,CNG,Individual,Automatic,0,26.0,4492.538461538462
,,38.73319961668451,73.6420501192473,279084,Petrol,Individual,Manual,0,12.0,23257.0
,,36.25601858958928,135.05558212744708,226255,CNG,Individual,Automatic,0,25.0,9050.2
,,17.290451867810397,52.89937665925554,18063,Petrol,Dealer,Automatic,2,23.0,785.3478260869565
,,96.41564195255873,130.9426599009348,100642,Diesel,Dealer,Automatic,1,6.0,16773.666666666668
,,6.959743901649674,21.890034521536467,87560,CNG,Dealer,Manual,2,21.0,4169.523809523809
,,44.15992794884828,67.27093203210522,170889,Diesel,Dealer,Automatic,0,8.0,21361.125
,,132.9220079646498,148.6675280735828,274670,Petrol,Dealer,Manual,3,2.0,137335.0
,,33.86110411572944,49.75932130022551,190951,Petrol,Dealer,Manual,1,7.0,27278.714285714286
,,32.31865595872523,44.50897389662306,47000,Petrol,Individual,Automatic,3,6.0,7833.333333333333
,,56.03929913014341,94.51413024021385,79941,CNG,Dealer,Manual,1,10.0,7994.1
,,36.04333314964275,79.61267173979529,196903,Diesel,Dealer,Automatic,2,15.0,13126.866666666667
,,24.048519363383264,105.80042049457467,89661,Petrol,Dealer,Automatic,3,28.0,3202.1785714285716
,,0.0,0.5230837177155986,154831,Petrol,Individual,Manual,0,29.0,5339.0
,,16.775958976432573,51.76536563657286,47356,CNG,Individual,Manual,2,22.0,2152.5454545454545
,,23.736012037454415,100.67452053285794,201729,CNG,Individual,Automatic,3,28.0,7204.607142857143
,,32.23107630596332,54.25907258297018,206973,Diesel,Individual,Manual,0,9.0,22997.0
,,67.79935555761925,75.13643986248069,3686,Petrol,Individual,Automatic,1,2.0,1843.0
,,49.913368462540674,149.54097151336805,116856,Diesel,Individual,Automatic,0,21.0,5564.571428571428
,,2.095062422475863,8.867127115718008,110649,CNG,Individual,Automatic,3,20.0,5532.45
,,25.83719208515344,81.06085713101383,250235,CNG,Dealer,Manual,3,22.0,11374.318181818182
,,124.8453852258825,139.1095980964748,150080,Petrol,Dealer,Manual,3,2.0,75040.0
,,6.373329068857337,29.02066638879235,145946,CNG,Individual,Manual,3,29.0,5032.620689655172
,,87.02975044535268,118.10911230735229,28279,Diesel,Dealer,Manual,0,6.0,4713.166666666667
,,60.26654177817895,63.22774634878635,41861,Diesel,Dealer,Automatic,1,1.0,41861.0
,,33.6168379456633,128.67174148782632,60005,Petrol,Individual,Manual,3,26.0,2307.8846153846152
,,2.657008460837436,11.3018889621453,147695,Diesel,Dealer,Automatic,2,21.0,7033.0952380952385
,,60.82662016354899,145.2679711730579,112322,Diesel,Dealer,Automatic,2,17.0,6607.176470588235
,,29.40854777160364,125.10419647395686,290872,Diesel,Individual,Manual,0,27.0,10773.037037037036
,,49.36806927713849,68.54038375440896,237962,Petrol,Dealer,Manual,2,6.0,39660.333333333336
,,42.87238892312703,53.768291461277336,64705,Petrol,Individual,Manual,1,4.0,16176.25
,,60.52847335133408,97.81603678107692,135929,CNG,Individual,Manual,3,9.0,15103.222222222223
,,37.501077793573124,134.0827032274643,114664,CNG,Individual,Manual,0,25.0,4586.56
,,45.880178946969714,55.012341537645135,212221,Diesel,Individual,Automatic,0,3.0,70740.33333333333
,,67.60617224763041,83.33152889923194,209408,CNG,Individual,Automatic,1,4.0,52352.0
,,80.17758834156884,115.85684892514145,56765,CNG,Dealer,Automatic,1,7.0,8109.285714285715
,,28.067648320295113,48.4609759257974,103953,Diesel,Individual,Automatic,3,10.0,10395.3
,,35.92799000727794,66.717836018623,295715,Diesel,Dealer,Manual,0,11.0,26883.18181818182
,,21.15967531301379,55.642384118910066,51425,Diesel,Individual,Manual,2,19.0,2706.5789473684213
,,56.55992065815329,135.28167650536056,41554,Diesel,Dealer,Automatic,2,17.0,2444.3529411764707
,,114.7250099506756,121.21655323230321,185493,Petrol,Individual,Manual,2,1.0,185493.0
,,84.41462096158523,142.7641391114705,251041,Petrol,Individual,Automatic,3,10.0,25104.1
,,37.08855526729244,66.73066822281251,24743,Petrol,Individual,Automatic,0,12.0,2061.9166666666665
,,0.7163494042200069,5.785227080153008,69064,CNG,Dealer,Manual,0,27.0,2557.925925925926
,,58.58477709760521,129.0159366430438,296427,Petrol,Dealer,Automatic,2,15.0,19761.8
,,29.058859197798903,56.41497024662186,60491,Petrol,Dealer,Automatic,3,13.0,4653.153846153846
,,59.28592754687994,73.17680704336145,9815,Diesel,Individual,Manual,0,4.0,2453.75
,,57.83086232418808,141.11295436848522,93089,Petrol,Individual,Manual,0,17.0,5475.823529411765
,,37.37865313573809,57.280850782591095,235192,Diesel,Individual,Manual,3,8.0,29399.0
,,35.61095820842083,136.6207733207547,53501,Diesel,Dealer,Automatic,1,26.0,2057.730769230769
,,12.276177276552463,32.69347590548301,19958,Diesel,Dealer,Manual,3,19.0,1050.421052631579
,,37.27184935320275,132.45401243322752,178341,Petrol,Individual,Manual,2,24.0,7430.875
,,31.112460389484013,61.6857841094764,215972,Diesel,Individual,Automatic,2,13.0,16613.23076923077
,,68.65399060880065,105.25895667363145,242951,Diesel,Dealer,Automatic,2,8.0,30368.875
,,67.80905775911037,99.32749775445104,236446,CNG,Dealer,Automatic,1,7.0,33778.0
,,23.89958834379424,89.46320169106065,158249,Diesel,Individual,Manual,1,25.0,6329.96
,,9.815696064911508,37.91219023428226,226607,Diesel,Individual,Automatic,1,23.0,9852.478260869566
,,88.20154368978434,115.48108193348196,145886,Petrol,Individual,Automatic,2,5.0,29177.2
,,16.543206127907432,61.794458740769265,169236,CNG,Dealer,Manual,0,25.0,6769.44
,,31.305285934734012,144.21383692163306,162655,Petrol,Dealer,Automatic,2,29.0,5608.793103448276
,,23.82730633160994,83.64332690913601,176426,Diesel,Dealer,Manual,1,24.0,7351.083333333333
,,4.277495785583443,19.257392497074036,71560,CNG,Dealer,Automatic,0,28.0,2555.714285714286
,,38.757642487198986,84.11268347888489,92972,CNG,Individual,Automatic,0,15.0,6198.133333333333
,,89.46693299353166,140.41470663895902,14139,Petrol,Dealer,Manual,1,9.0,1571.0
,,2.452779388821909,13.715646604859636,175990,CNG,Individual,Automatic,2,29.0,6068.620689655172
,,75.02948568878178,119.79759504794171,80027,Diesel,Individual,Automatic,1,9.0,8891.888888888889
,,19.991628170581052,40.113566236401894,117946,Diesel,Individual,Manual,1,13.0,9072.76923076923
,,60.29974309934402,83.97098073255118,281684,CNG,Individual,Manual,3,6.0,46947.333333333336
,,86.29078293973036,138.62688459368835,154760,Diesel,Dealer,Manual,3,9.0,17195.555555555555
,,43.11189720877707,57.54914270668272,257508,CNG,Individual,Manual,1,5.0,51501.6
,,82.15611642748638,125.19400243702401,164812,CNG,Individual,Automatic,2,8.0,20601.5
,,62.62233718353351,90.94415087077452,151889,Petrol,Dealer,Manual,3,7.0,21698.428571428572
,,15.22819743826426,31.586774399506357,264872,Diesel,Individual,Manual,2,13.0,20374.76923076923
,,19.302317445219348,58.25016854160686,293749,CNG,Dealer,Automatic,1,20.0,14687.45
,,41.40545424607308,99.76479681785109,119602,CNG,Dealer,Automatic,1,17.0,7035.411764705882
,,45.62623859888901,115.55697995977347,89143,Petrol,Individual,Manual,2,18.0,4952.388888888889
,,4.846310702201411,18.705182559316594,145485,CNG,Dealer,Manual,0,24.0,6061.875
,,0.949900154044965,4.748494417077551,187201,CNG,Individual,Manual,0,10.0,18720.1
,,46.759459834204236,122.73281012776934,87542,Petrol,Individual,Manual,3,19.0,4607.473684210527
,,30.707418043718935,72.56292771640949,93983,CNG,Dealer,Automatic,0,16.0,5873.9375
,,78.77073759940797,97.01041423057255,55539,Diesel,Individual,Automatic,2,4.0,13884.75
,,26.891412790710394,114.27245355165263,111499,Diesel,Dealer,Automatic,2,28.0,3982.1071428571427
,,4.9223753443388185,6.517768272331415,124475,Diesel,Dealer,Manual,2,4.0,31118.75
,,28.353005757200158,74.42744855192082,216518,Petrol,Dealer,Automatic,2,18.0,12028.777777777777
,,61.41174986683887,88.74903680289594,154350,Petrol,Dealer,Automatic,1,7.0,22050.0
,,37.404562245729224,80.9894015178354,24370,Petrol,Dealer,Automatic,2,15.0,1624.6666666666667
,,57.98551153081573,115.2191628016499,162534,Petrol,Dealer,Manual,0,13.0,12502.615384615385
,,8.19052903869266,34.02827493806922,284583,Diesel,Dealer,Manual,1,26.0,10945.5
,,21.8446261083724,97.35199124461425,177597,Petrol,Dealer,Manual,3,28.0,6342.75
,,2.1613595936968477,5.273251633343127,58900,Petrol,Individual,Manual,0,17.0,3464.705882352941
,,26.31228441775228,41.346990428687306,288399,Diesel,Dealer,Automatic,1,8.0,36049.875
,,99.72616283205564,135.35628607656193,104315,CNG,Individual,Manual,1,6.0,17385.833333333332
,,38.715191221549716,130.69016583350597,273741,Diesel,Dealer,Manual,1,23.0,11901.782608695652
,,22.45821363335762,68.64149083571357,291242,CNG,Individual,Automatic,2,21.0,13868.666666666666
,,45.9767736459564,56.09171042782283,48321,Diesel,Dealer,Manual,0,4.0,12080.25
,,43.64662425463574,99.20137534559932,3023,Petrol,Individual,Automatic,3,16.0,188.9375
,,68.18837753569973,111.34410750918777,292744,CNG,Dealer,Manual,2,9.0,32527.11111111111
,,0.0,6.562944658096771,276220,Petrol,Dealer,Manual,3,29.0,9524.827586206897
,,25.78235261467325,50.92588630009149,235928,Petrol,Individual,Automatic,1,12.0,19660.666666666668
,,53.59236563705803,117.43123762023976,162318,CNG,Individual,Manual,0,15.0,10821.2
,,64.63259886189233,122.1486377165268,122849,Petrol,Dealer,Automatic,2,12.0,10237.416666666666
,,31.666656899711956,102.7244830735971,87972,CNG,Individual,Manual,3,23.0,3824.8695652173915
,,16.00471705450917,30.18221604756472,152698,CNG,Dealer,Automatic,2,12.0,12724.833333333334
,,3.410243977276522,16.277371491773316,225186,Diesel,Dealer,Manual,3,25.0,9007.44
,,61.8229364145448,141.61719883380036,134604,CNG,Individual,Automatic,0,16.0,8412.75
,,5.256803604748779,20.60289736138672,82795,Petrol,Dealer,Automatic,2,26.0,3184.423076923077
